,y_test,Random Forest,SVM,Extra Trees,Logistic Regression,Random Forest_proba,SVM_proba,Extra Trees_proba,Logistic Regression_proba
0,0,0,0,0,0,0.0,0.00013730395841596624,0.0,0.0005794699755252338
1,1,1,1,1,1,0.9806255082739588,0.9999848537599456,0.9620390647396655,0.9993292817979021
2,0,0,0,0,0,0.0047054174450352065,1.133680825821379e-05,0.0,0.00024565067319090675
3,0,0,0,0,0,0.03701600945486766,0.01329366439572477,0.008634698634698634,0.09861329585307566
4,0,0,0,0,0,0.0,5.080935279492008e-07,0.01711289361230427,0.005940309608396377
5,0,0,0,0,0,0.0,1.8588058510700417e-05,0.003198066217404043,0.00031538532943469036
6,0,0,0,0,0,0.0047054174450352065,1.542836157055833e-07,0.0,0.0028441452760180237
7,1,1,1,1,1,0.6712481268430166,0.974596747486566,0.6898188872857439,0.9822878423486385
8,0,0,0,0,0,0.03149337688698622,7.35556454798686e-05,0.040038234006064294,6.125251157179427e-05
9,0,0,0,0,0,0.0,5.9326603350208995e-06,0.027112893612304272,0.008519746618944866
10,0,0,0,0,0,0.0,1.4847553781598398e-07,0.0,0.00032561164950730337
11,0,0,0,0,0,0.0,0.00021963913977718848,0.0,8.146024258989199e-05
12,0,0,0,0,0,0.0,0.00018917099540636484,0.0,0.0010062459542737679
13,0,0,0,0,0,0.0,0.0005501295232963593,0.0,2.5058901127625637e-05
14,0,0,0,0,0,0.0,0.00022812614162404934,0.0,0.0003816257452401932
15,0,0,1,1,0,0.47935407884254644,0.990590826844624,0.5422801306479409,0.38484518391744726
16,0,0,0,0,0,0.005,0.00050166905702023,0.02083369900355668,0.03827981741209018
17,0,0,0,0,0,0.0,7.384233664892588e-07,0.0,0.0004160351511313466
18,0,0,0,0,0,0.028780180469128003,4.563774770311854e-05,0.033457053905794336,4.275099118290824e-05
19,0,0,0,0,0,0.0,2.0665523066836626e-07,0.0,7.108897474260701e-06
20,0,0,0,0,0,0.039897627118992335,0.0003533953447608901,0.07948477491299885,0.07242681993871625
21,0,0,0,0,0,0.0,0.00036295728623061404,0.005,0.004916507437231861
22,0,0,0,0,0,0.0,3.600482895871241e-05,0.006396132434808086,4.168888843666856e-06
23,0,0,0,0,0,0.002578549492085991,0.0002984423295330292,0.0047054174450352065,0.012510774331404862
24,1,1,1,1,1,0.966921621262317,0.9999999963925101,0.9755306226151285,0.9994845837791294
25,1,1,1,1,1,0.8008917661438462,0.9999970175546331,0.8643758316785081,0.9978228344962328
26,0,0,0,0,0,0.017844108584563655,0.0005738248898415038,0.04205351853442868,1.936457832120338e-06
27,0,0,0,0,0,0.07176825316050456,0.0010326848843367413,0.10393860760620133,7.335530142778565e-05
28,0,0,0,0,0,0.0,1.3166477041312673e-06,0.01,0.00010857908150533863
29,1,1,1,1,1,0.9945707705192629,0.9913766157557645,1.0,0.9999833597818529
30,0,0,0,0,0,0.00235085074305406,4.435159663545234e-05,0.014209409949865021,0.0036086318798483363
31,0,0,0,0,0,0.0,6.827990095847428e-07,0.0,0.0004096610668669185
32,0,0,0,0,0,0.002578549492085991,5.691522386224906e-05,0.003634698634698635,9.378197694080164e-05
33,0,0,0,0,0,0.04264213606368811,0.001924137639518243,0.1046042407282595,0.032093291277426564
34,0,0,0,0,0,0.0,1.0000000994736041e-07,0.0,8.695052213123455e-06
35,0,0,0,0,0,0.0,0.002166580496167653,0.0074074761672690646,0.02917231673279208
36,0,0,0,0,0,0.005,0.0001534128702180259,0.01060554238467311,3.7861474864900706e-05
37,0,0,0,0,0,0.0,0.0008334522956564302,0.008418819899730043,0.005757506431191704
38,0,0,0,0,0,0.004209409949865022,4.461105918981221e-05,0.004209409949865022,3.4306898459689195e-05
39,0,0,0,0,0,0.0,2.9169438602617694e-05,0.003634698634698635,9.08502876435799e-06
40,0,0,0,0,1,0.040422658076649645,0.00998437358282703,0.03338322503315554,0.9111201899427547
41,0,0,0,0,0,0.003634698634698635,2.559334198901019e-06,0.0,0.0002037033337864907
42,0,0,0,0,0,0.0,0.003408692617046828,0.0,5.049633872197044e-06
43,0,0,0,0,0,0.009443615144524358,0.0009292368231873281,0.029897627118992336,0.054347481428249765
44,1,1,1,1,1,0.999570770519263,0.9902072975833558,1.0,0.9998914598230192
45,0,0,0,0,0,0.16419931297088106,0.040203801437448776,0.2144418882601564,0.08170874401134079
46,0,0,0,0,0,0.0,0.000743085837719885,0.0,0.0005792829093125814
47,0,0,0,0,0,0.0,0.0011721239110930844,0.0,6.374204752258733e-07
48,0,0,0,0,0,0.0,0.0002294762061026875,0.0,0.00025924880223616125
49,0,0,0,0,0,0.0,0.0001359500653899358,0.0074074761672690646,3.4844915136799145e-05
50,0,0,0,0,0,0.005,0.00010250171841036665,0.023803608602077152,0.0034807662964074764
51,0,0,0,0,0,0.0,1.826366611773667e-07,0.003198066217404044,0.003709703134743884
52,0,0,0,0,0,0.0,0.0008668701070557639,0.013198066217404042,0.001677635797337108
53,0,0,0,0,0,0.0,0.000430659302037328,0.0,0.00021840672980877432
54,0,0,0,0,0,0.0,2.50202808666198e-06,0.0,2.105177949558392e-06
55,0,0,0,0,0,0.0,7.374856078361108e-05,0.010030831069506722,0.01288599488279746
56,0,0,0,0,0,0.0,2.1707187586927487e-06,0.0,8.695680444188757e-05
57,0,0,0,0,0,0.0,2.2044841197825556e-05,0.0,0.0005321039045744542
58,1,1,1,1,1,0.8499173223064638,0.9904189786815397,0.7811758419811237,0.9977885348568531
59,0,0,0,0,0,0.0,0.0014456818622773599,0.0,0.02877388544875757
60,1,1,1,1,1,0.9678158281096966,0.9999998527532046,0.9755197877064713,0.9318292172409549
61,0,0,0,0,0,0.0,6.004245148064324e-05,0.0,4.009453282375675e-05
62,1,1,1,1,1,0.6629805283108997,0.9852942882600555,0.7546864162708198,0.9756016090525135
63,0,0,0,0,0,0.0,1.4001140930749808e-07,0.0,0.00019305786919981808
64,0,0,0,0,0,0.0,0.0014941780460823587,0.0,0.0015738218855315728
65,0,0,0,0,0,0.08416310074432758,0.009374808731576109,0.05398533544572908,0.46701013506177963
66,0,0,0,0,0,0.0,6.566988433453754e-07,0.0,0.0001017680829686987
67,0,0,0,0,0,0.0,2.865757478092786e-06,0.0,1.0666356848304092e-06
68,0,0,0,0,0,0.0,0.0019308311920206845,0.005,9.282785919269819e-05
69,0,0,0,0,0,0.0,1.344713777238545e-06,0.003634698634698635,1.304757755366868e-05
70,0,0,0,0,0,0.0,6.153183030648079e-06,0.004570770519262982,0.0006595754979390601
71,0,0,0,0,0,0.005,0.009649677856069478,0.02118765663639707,0.004636502843900656
72,0,0,0,0,0,0.005,5.711145121139127e-07,0.014676873436666333,0.0018926699312500816
73,0,0,0,0,0,0.0,7.6003348459175e-07,0.0,0.000466627224936207
74,0,0,0,0,0,0.0,5.792288060256755e-07,0.0,4.210513816703827e-05
75,0,0,0,0,0,0.01,8.924594250828204e-05,0.019276187964298187,0.013660491333100471
76,0,0,0,0,0,0.0,3.3476538362196987e-06,0.0,0.00031141037682526406
77,0,0,0,0,0,0.003402431421446384,0.0010908836978428147,0.0,0.0025008938201413083
78,0,0,0,0,0,0.01149337688698622,3.358385280678083e-05,0.021042174801967697,0.0006853187150587803
79,1,1,1,1,1,1.0,0.9931541604014517,0.9981980662174041,0.9996836905942352
80,0,0,0,0,0,0.0,0.0005078902978181119,0.0,0.0013625236997518322
81,0,0,0,0,0,0.22112833397098314,0.01051450366755548,0.24595783858857703,0.03177433546612153
82,1,1,1,1,1,1.0,0.9917418866356229,1.0,0.9998258115449615
83,0,0,0,0,0,0.005,1.0000000994736041e-07,0.0,0.00029112614820773363
84,1,0,0,0,1,0.17175590360064927,0.38799998795752483,0.34610657572795495,0.6767961293173309
85,0,0,0,0,0,0.003198066217404043,1.6991905483320771e-07,0.012407476167269066,0.0013025000337389414
86,0,0,0,0,0,0.0,2.384339415669266e-06,0.005,0.0012511778076685915
87,0,0,0,0,0,0.017578549492085992,2.1371594156389754e-05,0.0,7.394939147895733e-06
88,1,1,1,1,1,0.97,0.9917637285171619,0.997910886598997,0.9999902881575102
89,0,0,0,0,0,0.0,0.0005242432368070208,0.0,0.0009605276356913037
90,1,1,1,1,1,0.8972897526390109,0.9999897925056956,0.8720796398209234,0.9952648751323016
91,0,0,0,0,0,0.012220202600806912,0.0010593366528121467,0.044210606114096974,0.12737433557778569
92,0,0,0,0,0,0.0,9.226780659621176e-07,0.0,3.069469550471424e-05
93,0,0,0,0,0,0.0,0.0008921721702811128,0.0,0.0009423243440055932
94,0,0,0,0,0,0.0,0.0005537973957920782,0.0,3.901191023944706e-05
95,1,1,1,0,1,0.5208221966356136,0.7471401246208267,0.4431535953087255,0.9636124628446552
96,0,0,0,0,0,0.004209409949865022,4.154500196205945e-05,0.003198066217404043,1.2477232105299865e-05
97,0,0,0,0,0,0.13292921305868757,0.014597844783749302,0.22469328609798261,0.07280898121893296
98,0,0,0,0,0,0.015,0.0009234977625963623,0.0,4.198004576811798e-05
99,0,0,0,0,0,0.02470541744503521,6.403912591092811e-06,0.01147880721926229,0.00011555362999815644
100,0,0,0,0,0,0.0,6.914001695314396e-07,0.01,1.000602888962194e-05
101,0,0,0,0,0,0.002578549492085991,1.0000000994736041e-07,0.0,0.0003234441964517634
102,0,0,0,0,0,0.0,1.2554769635289383e-06,0.0,4.614648431638572e-05
103,0,0,0,0,0,0.01,5.279115659200792e-06,0.007844108584563657,0.001162420504181578
104,0,0,0,0,0,0.01634448016399357,2.6880673863586134e-05,0.01725494347463407,0.004418145235950728
105,0,0,0,0,0,0.0,0.00018712137561219318,0.0,1.417343834780077e-05
106,0,0,0,0,0,0.0,0.00012633139541718696,0.0,0.0001743282199475179
107,0,0,0,0,0,0.07176825316050456,0.0010326848843367413,0.10393860760620133,7.335530142778565e-05
108,0,0,0,0,0,0.005,4.5657887533790614e-07,0.0,0.0024904581768491873
109,0,0,0,0,0,0.0,0.0003169286816390938,0.0,0.00018337807909040417
110,0,0,0,0,0,0.0,1.3709965962109187e-05,0.014209409949865021,0.005978064342671668
111,1,1,1,1,1,0.9299351859370297,0.9999999894234436,0.9774994773682613,0.9982895144153267
112,0,0,0,0,0,0.0,1.0000000994736041e-07,0.0,0.00015316642259722492
113,0,0,0,0,0,0.0,7.753376706471118e-05,0.004209409949865022,0.00024053511496638223
114,0,0,0,0,0,0.0,1.557218563610408e-06,0.0,6.98356648689526e-06
115,0,0,0,0,0,0.04,0.0002490891477925064,0.06500263913948981,0.1956809419256956
116,0,0,0,0,0,0.0,0.0007218114340863809,0.0,0.00013307129935959239
117,0,0,0,0,0,0.0,0.0024573510046279013,0.003198066217404044,0.004917161585183245
118,0,0,0,0,0,0.0,0.0004706012481411811,0.0,0.0027633589335690277
119,0,0,0,0,0,0.0047054174450352065,0.00021642499338510307,0.008205469153961616,0.003594075038331092
120,0,0,0,0,0,0.046315879818622924,0.00013281030264876268,0.1072550546249237,0.00690833855700708
121,0,0,0,0,0,0.0,0.0004514394287331524,0.0,0.00045739134071317206
122,1,1,1,1,1,0.7863114054031083,0.9999999913389576,0.8561322820265892,0.9999725003484484
123,0,0,0,0,0,0.0,0.0015533391683617895,0.013634698634698635,0.030039966360645428
124,1,1,1,1,1,0.8022337013225208,0.9971905340008992,0.804646986100524,0.9982361606092938
125,0,0,0,0,0,0.0,0.0010480164582502463,0.0,0.00014902026117740786
126,1,1,1,1,1,0.9545826071899023,0.9999989534545215,0.9645351756526885,0.9837743427532863
127,0,0,0,0,0,0.0,8.067465976096978e-05,0.0,7.146404588783881e-05
128,0,0,0,0,1,0.07401260727525787,0.022950603273851147,0.09056518372103085,0.998950897650831
129,0,0,0,0,0,0.0,7.661861338869199e-06,0.0,2.981064783022196e-07
130,0,0,0,0,0,0.05401375337538278,0.00027502727577006353,0.0810901587027468,0.001820806073817366
131,0,0,0,0,0,0.0,4.395280904782927e-06,0.0,1.838365182729632e-05
132,0,0,0,0,0,0.0,4.120840690060923e-06,0.0,0.00011268992907629867
133,0,0,0,0,0,0.0,0.0004760929090905566,0.0,0.0005600928752598447
134,1,1,1,1,1,0.8200702110083185,0.9793699511081024,0.8634508356306633,0.9988353036150949
135,0,0,0,1,1,0.49229614845702,0.21369939325362872,0.6898133449196578,0.6242673123061386
136,0,0,0,0,0,0.0,0.0001616993660535351,0.0,7.274384566420123e-05
137,0,0,0,0,0,0.06066443647384698,1.0000000994736041e-07,0.044393125790358694,0.00034440427780478794
138,0,0,0,0,0,0.0,2.508714731375935e-07,0.0,0.0007707912237908735
139,0,0,0,0,0,0.0,0.00027280487436471624,0.0,4.337368912345954e-05
140,0,0,0,0,0,0.0,6.489261321588337e-07,0.0,1.2361230979791055e-05
141,1,1,1,1,1,0.6843295857516849,0.9939474175452946,0.8987959300756074,0.853870845034766
142,0,0,0,0,0,0.02284410858456366,9.81643138824828e-05,0.021478807219262288,0.051772469000866496
143,0,0,0,0,0,0.21861998785756165,0.000334638504614071,0.3215359278617872,0.0030912930610460655
144,1,1,1,1,1,0.975408445316549,0.9778014831712336,0.9869782466865321,0.9999999994508202
145,0,0,0,0,0,0.004570770519262982,1.2721254514533652e-06,0.020467463486801313,0.05579319428616911
146,0,0,0,0,0,0.0,4.6892842316096294e-07,0.0,0.0015454853420329802
147,0,0,0,0,0,0.02402839449732639,6.8609163424980605e-06,0.03837582209659798,0.0003348981563294799
148,0,0,0,0,0,0.0,1.362697993528202e-06,0.004209409949865022,0.002740758865941461
149,0,0,0,0,0,0.005,0.0007706374024007104,0.0,5.151802162694242e-05
150,0,0,0,0,0,0.025489436091082816,0.00027497455739994677,0.0047054174450352065,0.17758505281700895
151,0,0,0,0,0,0.0,0.0007549992594214596,0.005,0.00549499765638018
152,0,0,0,0,0,0.015733765566898962,7.690644669918112e-06,0.01046746348680131,0.003578881774879055
153,0,0,0,0,0,0.0,6.82596580254103e-06,0.0,1.0401962589447239e-05
154,0,0,0,0,0,0.030828914072443026,1.722857155111695e-07,0.05143580941613022,0.0002572722650194721
155,0,0,0,0,0,0.0,0.00021055443199920993,0.0,0.0003300529894922277
156,0,0,0,0,0,0.009818984547461369,3.1755971897226263e-06,0.005,0.0023065470326387454
157,0,0,0,0,0,0.0,8.173361287916455e-07,0.0,0.00021413130312385298
158,0,0,0,0,0,0.005,0.0001412030824041134,0.003198066217404044,0.005471392283832132
159,0,0,0,0,0,0.0,0.00015414922243306593,0.0,0.00010810573182015758
160,0,0,0,0,0,0.039382654085525,3.9090704145391375e-05,0.03553171351203432,0.0003241587785321667
161,0,0,0,0,0,0.005,9.063743614115518e-06,0.01831157207136497,0.0024911661962674714
162,1,1,1,1,1,0.7523853210179745,0.9999996425783779,0.6897100912147951,0.6188796971820443
163,0,0,0,0,0,0.014209409949865021,4.4224665099872924e-05,0.0,0.00018193773464699766
164,1,1,1,1,1,0.9611703979841935,0.9966584997261168,0.9992761879642981,0.9999865491663041
165,0,0,0,0,0,0.0,1.3255538047926364e-07,0.0,0.00012437167351966148
166,0,0,0,0,0,0.0,1.4983628742491131e-05,0.0,2.580433706597578e-06
167,0,0,0,0,0,0.0,1.3608543016370324e-06,0.0,0.00015378632494565965
168,0,0,0,0,0,0.005,2.0669611331587934e-07,0.01834011607973384,8.313064494810288e-05
169,0,0,0,0,0,0.04049319288304964,0.0014377046130918455,0.05107788081883182,0.0065533188754331815
170,0,0,0,0,0,0.0,6.121608158552715e-07,0.0,1.3092660079839787e-05
171,1,1,1,1,1,0.9384488820518162,0.9835452791425479,0.9745203697795735,0.9999994679823557
172,0,0,0,0,0,0.0,1.2267885802876499e-05,0.0,3.38219430124867e-05
173,0,0,0,0,0,0.0,1.336206948839409e-06,0.003634698634698635,0.00021059241707438822
174,1,1,1,1,1,0.838871319784165,0.9184567178836245,0.8494874025496835,0.9999999582414711
175,0,0,0,0,0,0.0036346986346986344,0.0001052500570942148,0.012407476167269066,0.03064975760168291
176,0,0,0,0,0,0.009705417445035208,4.828189019092363e-05,0.02618765663639707,0.00808935592425663
177,0,0,0,0,0,0.0,1.087902781442898e-06,0.0,1.2648613786283932e-06
178,0,0,0,0,0,0.002578549492085991,0.0006732998991133057,0.0,0.00015732984314608824
179,1,0,0,0,1,0.4790554085785881,0.28811631694559514,0.41529870005628516,0.7617288831028676
180,0,0,0,0,0,0.0,2.5376565902168678e-05,0.0,5.87005431430898e-06
181,0,0,0,0,0,0.0,0.0018694246129528373,0.042879814601427785,0.08829763382290573
182,0,0,0,0,0,0.0,1.9362775443160753e-06,0.0,5.807743696725163e-06
183,0,0,0,0,0,0.02742585814678064,0.00017269755423750984,0.026545585233695455,1.3689575229025216e-07
184,0,0,0,0,0,0.0,0.0001269048426759167,0.0,0.00014486853659377084
185,1,1,1,1,1,0.6461535257297794,0.9999916501387982,0.8687202406324976,0.9602567222946701
186,0,0,0,0,0,0.23560945923107798,0.011671221266502371,0.1820095409846803,0.12493221609423626
187,0,0,0,0,0,0.033418819899730036,0.0004390232462491983,0.012844108584563656,1.5779487352090245e-07
188,0,0,0,0,0,0.009705417445035208,8.117123027797079e-05,0.009209409949865022,0.00019438003502969547
189,0,0,0,0,0,0.0,1.0000000994736041e-07,0.017844108584563655,0.00045818310705149384
190,0,0,0,0,0,0.0,3.052566790788872e-07,0.0,0.00011424662994879216
191,0,0,0,0,0,0.05106693640868027,0.008834131631130447,0.04359170083156656,0.012180690297453974
192,0,0,0,0,0,0.0,0.0021395166554164847,0.0,4.514586066336771e-06
193,0,0,0,0,0,0.0,2.4743085626036013e-06,0.0,0.00048548607290393217
194,0,0,0,0,0,0.035196897309024804,0.0004711808415260209,0.0270843496039354,9.654353277194164e-05
195,0,0,0,0,0,0.0,1.0000000994736041e-07,0.0,0.0002864037499091816
196,0,0,0,0,0,0.036538182297137886,3.0421878926642478e-05,0.027112893612304272,0.0031134808414032553
197,0,0,0,0,0,0.014705417445035207,0.00019476062205118588,0.026322303562169292,0.004957825023303329
198,0,0,0,0,0,0.003198066217404043,3.0563561042608346e-06,0.007844108584563657,0.005982470108434845
199,0,0,0,0,0,0.0,2.195879938009526e-06,0.0,0.00014239197538207072
200,0,0,0,0,0,0.059472973081065875,3.3108054674322843e-06,0.07448477491299883,0.001504230390076469
201,0,0,0,0,0,0.0,0.000235339470252013,0.0,0.0011227714645663887
202,1,1,1,1,1,0.8187849390692001,0.9999993805056177,0.9212138235563203,0.9999999987418149
203,0,0,0,0,0,0.005,1.9325460674021308e-05,0.0,6.092777862072047e-07
204,0,0,0,0,0,0.0,0.000316775081928265,0.0,3.0202151528292907e-05
205,0,0,0,0,0,0.061902569513157445,0.00011603595466634294,0.06002353928323879,0.0015371620998987524
206,0,0,0,0,0,0.0048693518577528514,1.9466026110178406e-06,0.011396132434808087,0.0048682594221645835
207,0,0,0,0,1,0.03890085305425529,0.006366227990098702,0.049822355271095714,0.9628695236393487
208,0,0,0,0,0,0.003402431421446384,0.000809582934274838,0.006396132434808086,0.0015269554992373752
209,0,0,0,0,0,0.0,0.0037227945103221302,0.0,0.0001347525851505844
210,0,0,0,0,0,0.08797594741077865,0.000167560857872849,0.0658500762783002,0.10460075733872526
211,0,0,0,0,0,0.003198066217404043,3.4314789649767997e-07,0.0,0.01052888084458133
212,1,1,1,1,1,0.995,0.9999999998914266,0.9992094099498651,0.9968272883374741
213,0,0,0,0,0,0.013998656734644035,4.2683485328264066e-05,0.017910886598996822,0.010856680485499811
214,0,0,0,0,0,0.014276187964298187,0.00011402330520270687,0.028595132803666136,0.031130890596168748
215,0,0,0,0,0,0.003402431421446384,0.000787604816328683,0.0,0.00017037295500542496
216,0,0,0,0,0,0.0,4.2937190753601285e-07,0.003198066217404043,0.0004559449980608635
217,0,0,0,0,0,0.0,0.0003655050630719503,0.0,0.0008497761353858004
218,1,1,1,1,1,0.9898482380811372,0.9999999998556981,0.9452434429967214,0.9996705414586796
219,0,0,0,0,0,0.0,1.5802715717771537e-05,0.0,0.0003568073328961028
220,0,0,0,0,0,0.013198066217404042,2.891821351999543e-06,0.005,0.0002799706740670188
221,0,0,0,0,0,0.02747425418170223,3.597453249950253e-05,0.027084349603935402,0.007494686993672959
222,0,0,0,0,0,0.0,1.2295044862125146e-06,0.0,0.0005622350057032426
223,0,0,0,0,0,0.0,0.003356887577487761,0.0,0.007335276304993793
224,0,0,0,0,0,0.0,0.0004075897503586665,0.0,6.906171252346374e-05
225,0,0,0,0,0,0.05501519053668053,0.00026116737096172957,0.10473888765403172,0.004618339210330937
226,0,0,0,0,0,0.024818923298996133,0.00634837896714662,0.01147880721926229,0.022978678485272526
227,0,0,0,0,0,0.022903483662439248,4.363035330162992e-06,0.011478807219262293,0.007888638979446997
228,0,0,0,0,0,0.3375832181277977,0.0008274387141786962,0.16049502774855395,0.10235751280019181
229,0,0,0,0,0,0.0,1.4762019182671943e-06,0.0,0.00017475967331972495
230,0,0,0,0,0,0.0,1.645265076102464e-06,0.0,9.762093382678836e-05
231,0,0,0,0,0,0.033110410664661305,2.8420700701819435e-05,0.05245311310989093,0.0007956143366358125
232,0,0,0,0,0,0.0,0.002798206290606539,0.0,0.0022998957357645037
233,0,0,0,0,0,0.031060556781479273,3.7917743545133653e-07,0.03496783710552507,0.0028356225042239012
234,0,0,0,0,0,0.2527844381129729,0.004756488910754483,0.21614367908664872,0.42920050163193707
235,0,0,0,0,0,0.09617460947792007,0.0004947625454361182,0.22424280439514466,0.33497717607813543
236,0,0,0,0,0,0.05639270750833083,4.6307023466194654e-05,0.06168739416796294,0.17965417876986686
237,0,0,0,0,0,0.0,0.0003089124517572892,0.01140353537136566,0.004945023475001209
238,0,0,0,0,0,0.012037130056145018,0.0025495814436717014,0.02309569333639638,0.026485124350748256
239,0,0,0,0,0,0.0,0.0004457568000313122,0.0,0.00017642003339534646
240,0,0,0,0,0,0.03,0.0019902300258217713,0.044102162121499956,0.0015903705949814803
241,1,1,1,1,1,1.0,0.9932560718028911,1.0,0.9999887188703649
242,0,0,0,0,0,0.0,1.0000000994736041e-07,0.0,0.00047139207504380944
243,0,0,0,0,0,0.0,5.893383400922273e-05,0.005,0.0001565515936600611
244,0,0,0,0,0,0.0,1.2112114611011858e-06,0.0,0.0007205576733818643
245,0,0,0,0,0,0.05901825841136029,0.004623372922446406,0.10225704362176544,0.2960127908988933
246,0,0,0,0,0,0.0,0.00015536847752020935,0.0,4.639624941967962e-05
247,0,0,0,0,0,0.06689059113378931,0.003416290099242596,0.05132856158776515,0.11217126063072111
248,1,1,1,1,1,0.6001981653668608,0.9874335644090535,0.8607440131113618,0.9824086330410682
249,1,1,1,1,1,0.9846506178099702,0.9999999599859707,0.991691067068125,0.9992410738389138
250,1,1,1,1,1,0.6725229469971004,0.9219868215450611,0.7251253841434664,0.9960095389949998
251,0,0,0,0,0,0.0,2.3164492267102278e-05,0.0074074761672690646,5.0515915831320245e-05
252,0,0,0,0,0,0.0,0.001382618901878412,0.004209409949865022,0.0009218632601188955
253,1,1,1,1,1,0.9621198365352073,0.9999946479272517,0.8926342354443232,0.9440053896970212
254,1,1,1,1,1,0.5517582656437845,0.7218619055218256,0.7144121422045921,0.9980880209954672
255,1,1,1,1,1,0.6764924245462631,0.9498299168365868,0.6083410598130979,0.9999121032822162
256,0,0,0,0,0,0.042241116794530124,0.0009318067370477658,0.03991400439373585,0.0009279470579804018
257,1,1,1,1,1,0.8725924425572115,0.9999971698817227,0.8839104156761846,0.9982821081317953
258,0,0,0,0,0,0.0,0.0003598791256447453,0.0,9.636165757724784e-06
259,0,0,0,0,0,0.023205469153961617,0.00021865258522037726,0.008780180469128002,0.008125852022392957
260,0,0,0,0,0,0.0,2.1371812368800363e-07,0.0,0.001090283111863107
261,0,0,0,0,0,0.03036228071634419,8.211089988563323e-05,0.03183276485210268,7.345561639107824e-05
262,0,0,0,0,1,0.1986000517732422,0.00012189856192748838,0.13529685811329706,0.5968551674983194
263,1,1,1,1,1,0.9995536555261724,0.9938422053397015,0.9997054174450352,0.9999980272401359
264,1,0,1,0,1,0.34050764619383356,0.8877233110142405,0.4636680275631169,0.9804235861887004
265,0,0,0,0,0,0.0,0.00020603533380306486,0.0047054174450352065,0.006067561289630262
266,0,0,0,0,0,0.04210906739930534,0.0017427237591759962,0.07463243265827643,1.493919680546612e-07
267,0,0,0,0,0,0.0879914953839799,0.004024462261695727,0.08045300969203811,6.886952789391287e-08
268,0,0,0,0,0,0.003198066217404044,1.8596355404186049e-06,0.011042174801967699,0.02454851874357477
269,0,0,0,0,0,0.0,0.0008117319672115737,0.0,1.4698695464309233e-05
270,0,0,0,0,0,0.015,0.006783495753095638,0.006832764852102677,1.19291054179203e-06
271,0,0,0,0,0,0.003198066217404044,6.443018922368554e-06,0.005,9.219450744592341e-05
272,0,0,0,0,1,0.10533668922595664,0.004065467968642273,0.04766646385565936,0.9395476422924771
273,0,0,0,0,0,0.0,0.0016145762347906936,0.0,0.00017257544254455618
274,0,0,0,0,0,0.005,5.142759888373381e-06,0.028350950988390987,5.75907380506279e-05
275,0,0,0,0,0,0.0,4.7956473734336176e-05,0.0,5.834508140982476e-06
276,0,0,0,0,0,0.0028550876275176564,0.003899643561521012,0.0,5.9280761458291896e-05
277,1,1,1,1,1,0.9116282885952133,0.9795618513991035,0.9587297797294383,0.9999962318201424
278,0,0,0,0,0,0.01819806621740404,1.8911053634354576e-05,0.003634698634698635,0.002806726389822743
279,0,0,0,0,0,0.0,2.111496246441481e-06,0.0074074761672690646,0.0028320168793241085
280,0,0,0,0,0,0.0,1.0244963875592067e-05,0.0,9.917167151150519e-05
281,1,1,1,1,1,0.6513401395976649,0.9940887644179667,0.6999894811564428,0.9243153657334005
282,0,0,0,0,0,0.0,1.0000000994736041e-07,0.005,3.092561172850978e-05
283,0,0,0,0,0,0.0,3.7311579820538724e-06,0.004209409949865022,4.220706315391841e-06
284,0,0,0,0,0,0.14161579522022819,0.0746950803482171,0.26881935820855635,0.4610642360417813
285,0,0,0,0,0,0.0,9.817131417623037e-05,0.0,6.1673370664720004e-06
286,0,0,0,0,0,0.0,5.806446914114976e-07,0.0,4.3918847616127956e-05
287,0,0,0,0,0,0.0,4.656017635462923e-07,0.0,0.0006299090952465264
288,0,0,0,0,0,0.015776615709490037,0.004388500783375272,0.0,3.267580715428152e-05
289,0,0,0,0,0,0.0,2.2841262942177613e-06,0.0,5.356740543284269e-07
290,0,0,0,0,0,0.01,0.00013532656525371762,0.0,0.0051630560052960085
291,0,0,0,0,0,0.013410458862219966,3.83650523099866e-07,0.008634698634698634,0.00025838988153636824
292,0,0,0,0,0,0.0,6.946118964264564e-07,0.0,7.704505760517042e-05
293,0,0,0,0,0,0.0,7.795458024915576e-06,0.013634698634698635,0.000586033515882835
294,0,0,0,0,0,0.003634698634698635,7.644707321847289e-05,0.004209409949865022,1.1868944874395755e-05
295,0,0,0,0,0,0.005,2.2214814282345793e-05,0.016974814714432476,0.0022960116280549294
296,1,1,1,1,1,0.9510432641546257,0.9810355997963176,0.9615311314389323,0.9651931483422023
297,0,0,0,0,0,0.0,4.1860037448362446e-06,0.030612945321230677,3.7141365273746204e-06
298,0,0,0,0,0,0.012855087627517657,0.003363727764896604,0.0074074761672690646,0.0005617843874255544
299,0,0,0,0,0,0.038634698634698636,0.00016561527110732418,0.060947333283888155,9.853136840392767e-05
300,1,1,1,1,1,0.767139780353571,0.9858102397123354,0.8304558139958738,0.9998443919353303
301,0,0,0,0,0,0.0,1.0000000994736041e-07,0.0,6.989418641464339e-06
302,0,0,0,0,0,0.007855087627517656,1.9232212438978828e-05,0.013340116079733842,0.006112440200071015
303,0,0,0,0,0,0.0,0.0002533464004368848,0.0,9.431566352918082e-06
304,0,0,0,0,0,0.007855087627517656,0.002431422289026316,0.004209409949865022,0.006057551475008607
305,0,0,0,0,0,0.06373381194236159,0.006623523558304346,0.06842489101131942,0.030087117439744956
306,0,0,0,0,0,0.0,3.288460429900358e-05,0.0,1.5016051561022024e-06
307,0,0,0,0,0,0.023198066217404043,3.9551239607109894e-06,0.04294171766850354,0.023802283787488755
308,0,0,0,0,0,0.016214926361129856,0.002548372438117854,0.0,0.00010630813991020458
309,0,0,0,0,0,0.005,6.692053626500543e-07,0.0,9.201176946863793e-05
310,0,0,0,0,0,0.08507612598580623,0.005316393522254995,0.19439443310488025,0.11067955811243399
311,0,0,0,0,0,0.0,9.13168431006008e-06,0.0,0.00011032195171199149
312,0,0,0,0,0,0.0,6.087576176477738e-05,0.011832764852102677,0.003230476089096793
313,0,0,0,0,0,0.0,0.0008441847412325763,0.0047054174450352065,0.00785142816483649
314,0,0,0,0,0,0.0,4.6727655563714616e-07,0.0,2.0884334070496057e-05
315,0,0,0,0,0,0.195170840554103,0.0164239698136511,0.24226299520243752,0.1273866476011832
316,0,0,0,0,0,0.005,5.722722919372612e-05,0.0,0.0004035481671305706
317,0,0,0,0,0,0.004570770519262982,5.606568219773793e-05,0.0074074761672690646,0.027931090955985432
318,0,0,0,0,0,0.1379356445890145,0.00019225759612845285,0.10500751408684719,0.03079352930137101
319,0,0,0,0,1,0.23922073666832466,0.0006419932679497195,0.23780500598217272,0.9747065473081878
320,0,0,0,0,0,0.0,1.0000000994736041e-07,0.0,9.690773796768831e-06
321,0,0,0,0,0,0.0178624350442544,2.332296290866662e-06,0.013634698634698635,0.00509889828748897
322,0,0,0,0,0,0.0,1.0000000994736041e-07,0.0,0.0001293799484769993
323,0,0,0,0,0,0.0,0.0007022498257487616,0.0,0.0004488214903777368
324,0,0,0,0,0,0.005,1.0977153435580975e-06,0.003634698634698635,1.739091919570612e-05
325,1,1,1,1,1,0.9947054174450352,0.9999999999747448,0.9944108348900704,0.9999571536645459
326,1,1,1,1,1,0.9488333702112487,0.9959093882177295,0.9079887218226667,0.9979547605453131
327,0,1,1,1,1,0.5576127037518505,0.7363055897003387,0.543249632991037,0.7333312953509644
328,0,0,0,0,0,0.005,3.578374342196517e-05,0.0,1.602767300360841e-06
329,1,1,1,1,1,0.969141541038526,0.9844762968782491,0.985,0.9960668409006893
330,1,1,1,1,1,0.7671735207838766,0.8622410732084028,0.8777167174318072,0.9919506888514085
331,0,0,0,0,0,0.08193901131069381,0.0037594610880366153,0.06616055560328603,4.880044429215794e-05
332,0,0,0,0,0,0.0,4.304110889488932e-07,0.0,0.00013563276824980378
333,1,1,1,1,1,0.8376921604442711,0.9929815843902263,0.8297321131104615,0.9995407504330002
334,0,0,0,0,0,0.0,0.0002914784382477533,0.0,0.001206820108562311
335,0,0,0,0,0,0.0,0.00023930170832121153,0.0,0.0005353196046133413
336,0,0,0,0,0,0.0,8.023589789936339e-07,0.0,0.0007869849012676796
337,0,0,0,0,0,0.01,3.8514756752038506e-05,0.03,0.000859759608172165
338,0,0,0,0,0,0.0,1.252090917809913e-06,0.0,3.396541168351648e-05
339,0,0,0,0,0,0.015,1.1614253565486537e-05,0.016758935979463884,0.0002299744193880566
340,0,0,0,0,0,0.060142811356605666,0.00042428838616084607,0.10812325759814896,0.021509030392773975
341,1,1,1,1,1,0.9654857899464921,0.9999979450617932,0.9371871857135848,0.9993692331166009
342,0,0,0,0,0,0.0,0.00087684868740967,0.0,0.008621629138554614
343,0,0,0,0,0,0.021984856750975817,0.0014735003818924855,0.018811011538634726,0.04652647030834925
344,0,0,0,0,0,0.005,2.8119378112956784e-05,0.0,6.308210938960466e-05
345,0,0,0,0,0,0.0,2.9566758956732434e-07,0.0,7.599048841850797e-05
346,0,0,0,0,0,0.018860027759835196,1.27187288939463e-06,0.021042174801967697,9.21218350738975e-05
347,1,1,1,1,1,0.8924168000215489,0.9999866226722043,0.8629167052797184,0.9985866230617305
348,0,0,0,0,0,0.0,2.968728701604387e-05,0.0,0.00024635955431938947
349,0,0,0,0,0,0.23091570566120223,0.0004984435045679429,0.3323799870425539,0.08730163466583449
350,0,0,0,0,0,0.0,1.0000000994736041e-07,0.0,7.371007875833496e-05
351,0,0,0,0,0,0.005,1.1330284721494811e-06,0.007844108584563657,0.0005076560526351119
352,0,0,0,0,0,0.0,0.005527487201897745,0.0,1.1245272969119115e-05
353,1,1,1,1,1,0.5861634620314479,0.9787475164296923,0.60341734091122,0.855572239519636
354,0,0,0,0,0,0.0,7.873468670394574e-05,0.0,0.00019788668419744166
355,0,0,0,0,0,0.060052803673788215,3.426355665037914e-05,0.015605542384673108,0.023385955813421334
356,0,0,0,0,0,0.0,7.971970974748137e-07,0.0,0.00032049940520413085
357,1,1,1,1,1,0.7812200909821084,0.9898456318476923,0.8259085827598495,0.999728324859527
358,1,0,1,0,1,0.32445305931919255,0.6379744011724708,0.3495470654449994,0.5972359052798194
359,0,0,0,0,0,0.0,0.003980722467224428,0.0,0.003678841208897975
360,0,0,0,0,0,0.04914903258955956,0.0008002557514916828,0.043457053905794345,0.00034267666027129693
361,1,0,0,0,0,0.08416888601788003,0.19061729438560315,0.24570848964461195,0.27534671398347643
362,0,0,0,0,0,0.0,0.00011573152421047357,0.0,0.0013672662241818341
363,0,0,0,0,0,0.005,6.25406692351062e-06,0.0,4.109146683845835e-06
364,0,0,0,0,0,0.0,1.0000000994736041e-07,0.003198066217404044,0.00021813822923216368
365,0,0,0,0,0,0.0,0.0001391065680870625,0.0,0.00032024516193099767
366,0,0,0,0,0,0.07540446952281966,0.0027805364006722763,0.12361366871317697,0.3134989768844763
367,1,1,1,1,1,0.9797054174450353,0.99155787194027,1.0,0.9999927200641305
368,0,0,0,0,0,0.04203413475845408,0.0007091320630200917,0.013780180469128003,0.007792260076872144
369,0,0,0,0,0,0.004209409949865022,3.2647349581862234e-06,0.003634698634698635,0.00023758920960114063
370,1,1,1,1,1,0.9618963766468868,0.9999998622851312,0.948917631698736,0.9998854421967295
371,0,0,0,0,0,0.0,0.0013137518595205593,0.0,2.1870785935047026e-05
372,1,0,0,1,1,0.423986537768637,0.33612041645189866,0.5471133208276937,0.7325786939274442
373,0,0,0,0,0,0.0,4.761800328135642e-05,0.0,2.8824048155753297e-06
374,0,0,0,0,0,0.01920940994986502,0.00038892740940980316,0.012407476167269066,0.0003427622357438077
375,0,0,0,0,0,0.08597924636304341,0.10873790798203675,0.15218356682747858,0.23923659737897737
376,0,0,0,0,0,0.07824368364381079,0.000163350046984593,0.0708240602591315,0.05108469910525721
377,0,0,0,0,0,0.11891482739490022,0.0027820543174721444,0.07918464999194766,0.2853738147649181
378,0,0,0,0,0,0.12823659726796627,0.00040343692302092317,0.11726463347232949,0.044901759119276255
379,0,0,0,0,1,0.14988839516686261,0.0070735165180294355,0.09132856158776516,0.9671017544216738
380,0,0,0,0,0,0.004209409949865022,1.4095556389806782e-05,0.008634698634698634,0.009871616747942373
381,0,0,0,0,0,0.0,0.00043985600068027834,0.0,0.0008335854389802132
382,0,0,0,0,0,0.0,1.530197032660893e-06,0.0,0.00011538743304641306
383,1,1,1,1,1,0.971382657833056,0.9999999689288973,0.9722072358884902,0.9989557958215562
384,0,0,0,0,0,0.0,1.0000000994736041e-07,0.0,9.631434367933925e-05
385,0,0,0,0,0,0.10204190926191738,0.0009623971753222835,0.10183143302713446,0.10704880761763723
386,1,1,1,1,1,0.9179447443151253,0.9999999643463224,0.9153890359814405,0.9996077591413651
387,1,0,1,0,1,0.29619130329241566,0.9574639389321231,0.4287449730674783,0.9904973350501373
388,1,1,1,1,1,0.757344137403011,0.996407195758405,0.8876775036791268,0.9105500492265517
389,0,0,0,0,0,0.024258622998883313,0.0013217878022557163,0.021616886117134086,0.02742412157362209
390,1,1,1,1,1,0.8911586564683689,0.99999983179614,0.8992289436067962,0.9997860649572667
391,0,0,0,0,0,0.0,1.639017297827704e-06,0.0,0.002054916120723373
392,0,0,0,0,0,0.00757854949208599,1.0000000994736041e-07,0.004209409949865022,0.0006001690945464258
393,0,0,0,0,0,0.05231734931563631,0.0031598225200389326,0.035251584751832724,0.05558748245080449
394,0,0,0,0,0,0.0,2.566123558225572e-07,0.0,0.00031721315336670784
395,0,0,0,0,0,0.0,0.00033719993863937623,0.0,1.9934226991136525e-05
396,0,0,0,0,0,0.0,2.409135886084822e-07,0.0,0.00011895434725872241
397,0,0,0,0,0,0.008198066217404043,2.566262076382555e-07,0.011042174801967699,6.981105986017149e-05
398,0,0,0,0,0,0.0,3.7311579820538724e-06,0.004209409949865022,4.220706315391841e-06
399,0,0,0,0,0,0.03167724038802088,0.0007371201044218243,0.022407476167269066,0.013740486595607247
400,0,0,0,0,0,0.13894340131340044,0.0477483045382339,0.17064876248838445,0.0002722193965063534
401,0,0,0,0,0,0.01,9.802982012865972e-05,0.021049577738525276,0.001073081334434834
402,0,0,0,0,0,0.01138655042242673,2.2054143706289184e-05,0.025258987688390296,0.008193459914609007
403,0,0,0,0,0,0.0,5.618245611054702e-07,0.0,4.062856621611519e-05
404,0,0,0,0,0,0.002578549492085991,9.762937816135253e-07,0.00726939726939727,0.00010524352198295502
405,1,1,1,1,1,0.9898189845474613,0.9727490106817998,0.9728296547898004,0.9999950232441845
406,1,1,1,1,1,0.9992094099498651,0.9999999999971172,0.9975603609382562,0.9992726188981402
407,0,0,0,0,0,0.004209409949865022,0.0007949261436756496,0.005,0.015090027088534267
408,1,1,1,1,1,0.5471126970056276,0.9365027079147137,0.731885311372352,0.9914741085540079
409,0,0,0,0,1,0.14040582985315211,0.028103987929239117,0.10165866324558757,0.5679018068624321
410,0,0,0,0,0,0.0,3.42761165695935e-07,0.0,0.00043169115860521213
411,0,0,0,0,0,0.004209409949865022,2.5571424971612754e-05,0.017628229849595067,0.008285043170718348
412,0,0,0,0,0,0.005,5.546639859696754e-05,0.008340116079733841,0.0006194480795222874
413,0,0,0,0,0,0.003634698634698635,0.00013682982108379038,0.0,0.0021477288601613265
414,0,0,0,0,0,0.009705417445035208,2.4667774255375813e-06,0.0,0.0016526309493071867
415,0,0,0,0,0,0.0,3.53924107286185e-06,0.008914827394900229,3.102969241538383e-05
416,0,0,0,0,0,0.0,8.707567056364872e-06,0.0,4.485949213601331e-06
417,0,0,0,0,0,0.005,0.0006997595281016057,0.025688217169127312,0.024647064239443545
418,0,0,0,0,0,0.06299508600874983,6.840593178571617e-06,0.09870863865762707,0.007405163658148935
419,1,1,1,1,1,0.7875501547930535,0.8848192340996612,0.7309646910299707,0.5323296018947855
420,0,0,0,0,0,0.0,7.599761111762318e-07,0.0,0.0006127958733834583
421,0,0,0,0,0,0.005,0.0009642582975830819,0.005,0.00908679136651729
422,0,0,0,0,0,0.0,1.8259593018834142e-07,0.0,0.00010907071646611511
423,0,0,0,0,0,0.01,1.2498402127202298e-05,0.024441665959577134,0.0016436543847893725
424,0,0,0,0,0,0.0,2.6299045625002266e-06,0.0,0.0028601412676760767
425,0,0,0,0,0,0.012428174487914485,0.003036942558337605,0.011616886117134087,0.0005103764990236055
426,0,0,0,0,0,0.0,7.435758207056438e-07,0.0,0.0005911881403308577
427,0,0,0,0,0,0.0,1.4491203594315619e-06,0.005,0.00030373391653283567
428,0,0,0,0,0,0.005,1.163586006886344e-06,0.0,0.0005602965076044438
429,1,1,1,1,1,1.0,0.9919309699740102,0.995,0.9999785861151669
430,0,0,0,0,0,0.051869473291305,0.0002182496199461371,0.058945658464406955,1.0283999694906598e-05
431,0,0,0,0,0,0.01957077051926298,2.337152428953913e-05,0.029172372108032685,0.00017631946106619854
432,0,0,0,0,0,0.0,2.014333289970172e-05,0.0,9.51565839952179e-05
433,0,0,0,0,0,0.0,1.7905244890426912e-05,0.005,2.0771557259079678e-10
434,0,0,0,0,0,0.0,0.0005695907362918423,0.0,0.0004053507670721957
435,0,0,0,0,0,0.0,2.166291554540322e-06,0.0,4.015810647312021e-05
436,1,1,1,1,1,0.7191251570960893,0.9915211170550984,0.8044413146059481,0.980775390789365
437,0,0,0,0,0,0.005,2.018097729077611e-06,0.0,0.001423012912641882
438,0,0,0,0,0,0.0,1.2607241652447049e-07,0.0,7.641848062668613e-06
439,1,1,1,1,1,0.771211576985375,0.9907740926977956,0.7558564994682415,0.9967672132040232
440,0,0,0,0,0,0.05844240200123922,0.011541839683457903,0.04556994751809861,0.00780583068500255
441,0,0,0,0,0,0.0,1.0000000994736041e-07,0.0,5.6263420353460414e-05
442,0,0,0,0,0,0.035,3.484871823406878e-05,0.023886283386531357,0.16817995620875792
443,0,0,0,0,0,0.0,0.00039886150775043927,0.0,0.0009107347898863631
444,0,0,0,0,0,0.005,6.811950464927699e-05,0.003198066217404044,5.801862955752594e-05
445,0,0,0,0,0,0.014705417445035207,0.0005302483066775794,0.017414879103826636,0.11379436015328516
446,0,0,0,0,0,0.0,0.0004668642193246392,0.0,0.0003039462641750173
447,0,0,0,0,0,0.057447214397056426,0.00044005893253367095,0.08093980192096004,0.22363159793222426
448,0,0,0,0,0,0.014276187964298187,2.197631545168378e-05,0.01705351853442868,0.003365793080599739
449,1,1,1,1,1,0.7603871569524984,0.9999999668838131,0.7707371448032706,0.9996890383450008
450,0,0,0,0,0,0.007844108584563657,5.045965591635837e-05,0.003198066217404044,0.005067456025805181
451,0,0,0,0,0,0.0,4.804076838315541e-07,0.004209409949865022,0.0003307006760740968
452,0,0,0,0,0,0.022825487883414902,0.00012902260840986327,0.037151127618368564,0.26487760310438846
453,1,1,1,1,1,0.7032153933512774,0.999999993387058,0.815931882466428,0.9985730183015077
454,1,1,1,1,1,0.945624923700599,0.9999992842500385,0.9658204298702202,0.9982847771200732
455,1,1,1,1,1,0.6891343360783498,0.985054216925529,0.7629851029365605,0.9373635072315006
456,0,0,0,0,0,0.04396801713702094,3.957930061247196e-05,0.07448477491299885,0.0007654402117247268
457,0,0,0,0,0,0.01,8.127688178111295e-07,0.03269500786402823,7.97668241889872e-05
458,0,0,0,0,0,0.0,7.591271775619641e-06,0.009209409949865022,0.0008123410643381622
459,1,1,1,1,1,0.9532237956136526,0.9999933537412496,0.9676738667922169,0.988046727207856
460,0,0,0,0,0,0.0,0.0009853283113782343,0.0,0.0007807025897335251
461,0,0,0,0,0,0.013198066217404042,1.0000000994736041e-07,0.015,3.079657889788588e-05
462,0,1,0,1,1,0.503333889701156,0.08834819810720718,0.5485572148627016,0.9053141918194406
463,0,0,0,0,0,0.014209409949865021,1.6789851244823107e-06,0.003198066217404044,0.00023622310621737973
464,0,0,0,0,0,0.0,0.00014707307432350862,0.0,2.593452551093263e-06
465,0,0,0,0,0,0.005,2.5913115059794396e-06,0.0,0.0008629765866438736
466,0,0,0,0,0,0.0,0.00017115380354373072,0.003634698634698635,5.5926357111853434e-05
467,0,0,0,0,0,0.0,1.0000000994736041e-07,0.005,2.3006872701015178e-06
468,0,0,0,0,0,0.0,1.2239160244369512e-05,0.0,5.945175843342214e-07
469,0,0,0,0,1,0.09411242786383861,0.028132910463544474,0.10605312086091448,0.5881700248942826
470,0,0,0,0,0,0.00957077051926298,5.658716564429588e-07,0.008634698634698634,0.0005253270230618949
471,0,0,0,0,0,0.0,1.889711762563677e-06,0.0,7.08118407509367e-05
472,0,0,0,0,0,0.007535699349494917,0.0011116912732860216,0.0,0.00033155400740668726
473,1,1,1,1,1,1.0,0.992544238113931,0.989209409949865,0.9997611824573638
474,1,1,1,1,1,0.8420654969137967,0.999999667356659,0.8373550047840572,0.9995664097544116
475,0,0,0,0,0,0.0,8.031686283088372e-07,0.0,0.0021532188199846676
476,0,0,0,0,0,0.0,0.003388502761432267,0.0,0.00037750181560588
477,0,0,0,0,0,0.01,2.129446736055985e-06,0.01,0.0007741264993261113
478,0,0,0,0,0,0.0,0.00024956677611932923,0.0,5.649380857433677e-05
479,0,0,0,0,0,0.014141541038525962,0.00026534935916820604,0.014240241019371744,0.08281936621038126
480,0,0,0,0,0,0.0,0.00010024719383592267,0.0,6.518931089539272e-05
481,0,0,0,0,0,0.005,0.0002727632672863116,0.005,0.0001954319664258901
482,0,0,0,0,0,0.01,1.0655434693874621e-05,0.00957077051926298,0.00010003584286194825
483,1,1,1,1,1,0.995,0.9999911123068735,0.9997054174450352,0.9984460661445724
484,0,0,0,0,0,0.014209409949865021,0.0035278290222907115,0.004209409949865022,0.25000078950076693
485,0,0,0,0,0,0.00957077051926298,0.0010553263578438614,0.009209409949865022,0.008874110301616044
486,0,0,0,0,0,0.037554101472409424,0.0008133329896385994,0.06047233843415872,5.916809420552791e-05
487,0,0,0,0,0,0.0,3.933365965513506e-05,0.003198066217404044,8.887740164941416e-05
488,1,1,1,1,1,0.87664020185501,0.9999999043535119,0.9415706215062482,0.9974738504491844
489,0,0,0,0,0,0.003634698634698635,2.6586805938050733e-06,0.0,3.633720979684837e-05
490,0,0,0,0,0,0.0,8.705097120369799e-07,0.004570770519262982,1.4322242718843635e-05
491,0,0,0,0,0,0.0,2.865757478092786e-06,0.0,1.0666356848304092e-06
492,0,0,0,0,0,0.0,1.8900667095517329e-07,0.0,0.00026987309766472853
493,0,0,0,0,0,0.011403535371365658,0.0001262887565051904,0.003634698634698635,0.019422507583203023
494,0,0,0,0,0,0.0,1.8765947109565433e-07,0.0,0.0016535018986565263
495,0,0,0,0,0,0.00957077051926298,0.00014697226873761993,0.047689891988608506,0.0056987564700932344
496,1,1,1,1,1,0.8162152787331681,0.9909325157569702,0.8878501796961532,0.9464018088907812
497,1,1,1,1,1,0.9742094099498649,0.996052774693683,0.9939148273949001,0.9990700283198414
498,0,0,0,0,0,0.004209409949865022,7.941083202106584e-07,0.01,6.863965864839414e-05
499,0,0,0,0,0,0.0,0.00011402795264975013,0.0,0.0020160791212405424
500,1,1,1,1,1,0.9566159280161816,0.9999999964865689,0.9424672033234966,0.9803914096391785
501,0,0,0,0,0,0.02284410858456366,1.9283357683918164e-05,0.05564865133809481,0.009320218173480724
502,0,0,0,0,0,0.028751118287122592,0.00037575765571657804,0.04788234259062795,0.05672460065537389
503,0,0,1,0,0,0.4123478818652353,0.5341475566103578,0.4840387800659141,0.1676033803528425
504,0,0,0,0,0,0.0,0.0007572001261344177,0.0,8.359907828914727e-05
505,0,0,0,0,0,0.011804484377235533,1.2402403898862332e-07,0.026978246686532047,0.00016591178474784844
506,0,0,0,0,0,0.0,4.222640583908558e-07,0.003634698634698635,0.01089088120883388
507,1,1,1,1,1,0.8853518209116199,0.9963062002325135,0.9858989685258706,0.9964602991877414
508,0,0,0,0,0,0.0,0.0001710796246457738,0.003198066217404044,0.0007755026530779689
509,0,0,0,0,0,0.0,0.00032603889220225485,0.0,3.2863296704095748e-06
510,1,1,1,1,1,0.8816098352589286,0.9999978963379825,0.9386230491437709,0.9949348115413652
511,0,0,0,0,0,0.0,0.0005116502821038713,0.024681748384023747,0.009944508517262472
512,0,0,0,0,1,0.2715748761558798,0.0069268812638795755,0.1819104234086212,0.5060882038800364
513,0,0,0,0,0,0.0,9.897803814315253e-07,0.005,0.00010805922564360837
514,0,0,0,0,0,0.0,3.456874233927187e-07,0.0,0.0009859161440267821
515,0,0,0,0,0,0.0,6.473254539367795e-07,0.0,1.1337416299859099e-05
516,0,0,0,0,0,0.006858505022986548,2.5513984300476438e-06,0.01,0.01007749378911183
517,1,1,1,1,1,0.7815873800006748,0.9954306999236482,0.8419555213588847,0.9917633400851162
518,1,1,1,1,1,0.7128627550875304,0.99681178598544,0.8120469604084742,0.9975560740775924
519,0,0,0,0,0,0.0,1.0000000994736041e-07,0.0,2.2347215143802484e-05
520,1,1,1,1,1,0.6958021983471728,0.959720405526997,0.698222901312359,0.9999895978244651
521,0,0,0,0,1,0.10116476040538327,0.11332446769463629,0.16401995056568733,0.9999982606662549
522,0,0,0,0,0,0.0,1.0000000994736041e-07,0.0,1.2502047588911002e-05
523,0,0,0,0,0,0.0,0.0026094926273113597,0.0,1.735396591725452e-05
524,0,1,0,0,0,0.5189993208647935,0.0009599488145119829,0.25931940806800946,0.24571539997275402
525,0,0,0,0,0,0.0,0.0009697992667548092,0.008418819899730043,0.00011894320573985358
526,0,0,0,0,0,0.02401438566378734,3.090036475481017e-06,0.05370863865762706,0.0031410892882912005
527,0,0,0,0,0,0.0,0.0009076245186461216,0.0,6.104923074320967e-05
528,0,0,0,0,0,0.0,0.00013179501622901348,0.0,3.831810494180175e-06
529,1,1,1,1,1,0.9654121416830403,0.9999985823154037,0.9425411433464251,0.9930685997594467
530,0,0,0,0,0,0.013402431421446384,0.00013539266640874345,0.01654901720579503,0.05173240386133403
531,1,1,1,1,1,0.9575429401071379,0.9999991847198498,0.9319667841096109,0.9976683349804494
532,0,0,0,0,0,0.014705417445035207,2.3367989649178384e-06,0.030747592247002905,0.008819213608590145
533,0,0,0,0,0,0.2124553642783732,0.005951572523634996,0.18652213847326324,0.248192148631671
534,0,0,0,0,0,0.003198066217404044,0.0004171387498125823,0.02769500786402823,0.0678749551064292
535,0,0,0,0,0,0.005,1.0000000994736041e-07,0.0,1.8507866425658823e-05
536,0,0,0,0,0,0.034209409949865016,1.8211425278733208e-05,0.016832764852102677,6.725535441595213e-05
537,0,0,0,0,0,0.03,0.0003963604738694852,0.029385722853801113,0.002420073608721834
538,0,0,0,0,0,0.0,4.841658107380451e-06,0.0,5.884716064423579e-06
539,0,0,0,0,0,0.0,1.0511566006803029e-06,0.0,0.0003269362027522059
540,1,1,1,1,1,0.9527717513006421,0.9999999999286323,0.95773811681745,0.9630378608137337
541,0,0,0,0,0,0.0,5.339153291375078e-06,0.0,2.32186970404477e-05
542,1,1,1,1,0,0.7687568778534675,0.9866529152897374,0.8312286294294353,0.4823811190337105
543,0,0,0,0,1,0.3011627610469315,0.01177198024178945,0.2818950013700473,0.5482050952460765
544,0,0,0,0,0,0.0,0.0003290150887316392,0.043237743198726176,0.019731997200629802
545,0,0,0,0,0,0.002578549492085991,4.656306450339147e-06,0.0,2.971388826931399e-05
546,0,0,0,0,0,0.005,0.000942482278059902,0.012407476167269066,0.0052704597552889615
547,0,0,0,0,0,0.0,0.0001684782759075121,0.0,0.00011555357918271674
548,0,0,0,0,0,0.0,9.244423319378071e-06,0.0,6.102328523082735e-05
549,0,0,0,0,0,0.0,0.0008806559488924605,0.0,0.0008710345847851104
550,0,0,0,0,0,0.0,0.0006952557563672397,0.003198066217404043,0.0033557550784151587
551,0,0,0,0,0,0.09826733513022998,0.0003529040568529111,0.03993333313585646,0.030466904072935036
552,0,0,0,0,0,0.03365302509438938,0.0011875027666993312,0.09726101458622342,0.04297729685672775
553,0,0,0,0,0,0.0,1.3567233711988862e-07,0.0,2.3510630433666002e-05
554,0,0,0,0,0,0.003901000714796283,1.0777362482165454e-05,0.012768836736667025,0.0019986937575631383
555,0,0,0,0,0,0.0,0.0001017572652707223,0.0,1.7068261022663333e-05
556,0,0,0,0,0,0.0,0.0010850198101723402,0.0,0.001368240833006435
557,0,0,0,0,0,0.018860027759835196,5.160794349592221e-07,0.0246016015887697,0.00026046159886684676
558,0,0,0,0,0,0.0,2.756212316481052e-06,0.0,1.0199774157412983e-05
559,0,0,0,0,0,0.0,1.5567446282980574e-05,0.0,2.6110951702863326e-08
560,0,0,0,0,0,0.042011411379457596,0.0007563885742366302,0.0872446373114799,1.6729661465284135e-07
561,0,0,0,0,0,0.005,7.94534780449863e-06,0.033457053905794336,0.0006277287561617137
562,0,0,0,0,0,0.0,6.599253993970266e-07,0.012407476167269066,0.0001830060234210189
563,1,1,1,1,1,0.9719513098292384,0.9999999994899931,0.9811305571168539,0.9827938430098327
564,0,0,0,0,0,0.013471771234059264,1.2743838338011328e-06,0.03810309627295395,0.00029051210164488027
565,0,0,0,0,0,0.01920940994986502,1.2798344656457998e-05,0.0,0.05143232513668346
566,0,0,0,0,0,0.014028394497326391,0.0002876718328569349,0.02284410858456366,0.06300434483149342
567,0,0,0,0,0,0.0,0.0002416792868308703,0.005,9.191431506121892e-09
568,0,0,0,0,0,0.005,3.3436059526406356e-06,0.007844108584563657,0.0006114394390757125
569,0,0,0,0,0,0.017580720302929037,7.305940054051943e-06,0.015251584751832721,0.0004760977153215212
570,0,0,0,0,0,0.016787959441951012,7.397075432649746e-07,0.013418819899730044,8.166871530198987e-05
571,1,1,1,1,1,0.6041587348235284,0.9722598918889769,0.6842359289481402,0.9999999943605429
572,0,0,0,0,0,0.03538438337686913,6.7167347868214265e-06,0.011978246686532046,3.591392885381281e-05
573,0,0,0,0,0,0.0,2.4193501629227777e-05,0.0,2.2695793729381465e-05
574,0,0,0,0,0,0.0,1.1554688231283058e-07,0.0,7.007207709362082e-05
575,0,0,0,0,0,0.005,0.0029474388210968517,0.022053518534428676,0.007957649215268975
576,0,0,0,0,0,0.0,1.0000000994736041e-07,0.0,3.4546428077935944e-05
577,0,0,0,0,0,0.046215418937627685,0.00030088629092676146,0.01981495233453813,0.004131288123200315
578,0,0,0,0,0,0.0,7.3523198278636085e-06,0.0,0.0005688583446545687
579,0,0,0,0,0,0.0,0.0005416760673697652,0.0,2.499307733812567e-05
580,0,0,0,0,0,0.0,0.001975829441567459,0.0,5.894832327515538e-05
581,0,0,0,0,0,0.0,3.833267793320518e-06,0.0,1.3109298900935928e-05
582,0,0,0,0,0,0.005,1.9757336159770877e-06,0.0,6.472673612779165e-07
583,0,0,0,0,0,0.0,7.584700731488481e-07,0.0,0.0017293614389437691
584,0,0,0,0,0,0.0,0.0002460140241886043,0.0,0.00014914809507741866
585,0,0,0,0,0,0.006396132434808086,1.9011599334336022e-07,0.0,7.696725272549399e-06
586,0,0,0,0,0,0.052967810268575326,0.00010522965755332434,0.022628229849595068,0.19163021689690488
587,0,0,0,0,0,0.0,3.509312894856333e-05,0.0,0.00030912704721644074
588,0,0,0,0,0,0.0,9.284579375845623e-07,0.0,0.0003431622023499132
589,0,0,0,0,0,0.0,1.4329155690713358e-06,0.0,1.3085868559553496e-05
590,0,0,0,0,0,0.011821251321176427,0.0024797376210506823,0.019676873436666333,0.015867252746206005
591,0,0,0,0,0,0.0,0.0007276784595648618,0.0,6.2822154341993785e-06
592,0,0,0,0,0,0.0,6.895342981857483e-06,0.0,8.264761959991992e-08
593,0,0,0,0,0,0.04444361514452436,0.00075577516028844,0.03171449520107397,0.04049816286560535
594,1,1,0,0,1,0.5502591269226174,0.06874583883665995,0.4906197192381218,0.9291113746473532
595,0,0,0,0,0,0.05470516046266138,0.002251827294312511,0.04813392734246068,0.026521675431539125
596,0,0,0,0,0,0.0,1.9737503341634485e-07,0.0,8.860045179238089e-05
597,0,0,0,0,0,0.0,3.787757641743599e-05,0.004570770519262982,9.095645502744982e-07
598,0,0,0,0,0,0.0,0.00044754172010072946,0.0,6.723381282550299e-05
599,0,0,0,0,0,0.11289938612949894,0.0027629158882187975,0.12020978311293261,0.027912231906685958
600,0,0,0,0,0,0.0,4.0414278925147643e-07,0.003198066217404044,0.0001052196279151781
601,0,0,0,0,0,0.10840417877778644,0.00018061714979778585,0.03528241582133944,0.13078518656044216
602,0,0,0,0,0,0.009209409949865022,0.0009194722694128421,0.0,0.00040262286760257604
603,0,0,0,0,0,0.0,0.001788722113305812,0.0,0.002719429564635056
604,0,0,0,0,0,0.01,2.191163729510731e-05,0.022874939654070378,0.021983738677329605
605,0,0,0,0,0,0.02,0.00010532339791186742,0.0,1.703232464693678e-05
606,1,1,1,1,1,0.7382443801386538,0.9757146384041118,0.9041149205101376,0.9989300122524668
607,0,0,0,0,0,0.008808000930340737,6.053601084603515e-07,0.003634698634698635,0.0006101916324690938
608,0,0,0,0,0,0.002578549492085991,3.930343438373993e-05,0.0,0.00019798453540072978
609,0,0,0,0,0,0.009849624995828494,0.0032431377324951606,0.003198066217404043,1.9515777447303087e-05
610,0,0,0,0,0,0.06176168563312448,0.0010474804636033282,0.18485220659398613,0.0983099180043732
611,0,0,0,0,0,0.0,1.675877027378314e-06,0.0,5.105343211373609e-05
612,0,0,0,0,0,0.014446777666271733,1.663259281612088e-07,0.026322303562169292,0.0004954243542957438
613,0,0,0,0,0,0.11677385588299107,0.0009724296930413562,0.13568356452234917,0.013891177874912187
614,1,1,1,1,1,0.8484975762935314,0.999991796389069,0.9227261910118871,0.8302682719516329
615,0,0,0,0,0,0.0,0.0019557214371593973,0.0,7.228945159294492e-07
616,0,0,0,0,0,0.0,8.386496337108224e-05,0.0,0.00010810173162129397
617,1,1,1,1,1,0.5036395827299998,0.9862419309519356,0.7139840275045285,0.926458038234003
618,0,0,0,0,1,0.25714482313026826,0.002052533607387528,0.25117052191561645,0.9783884352428796
619,0,0,0,0,0,0.09495947606801498,0.00961775617681554,0.07729317748069837,0.484387119848907
620,1,1,1,1,1,0.9267200905306119,0.9742705554843559,0.9414073194218173,0.9999971970889028
621,0,0,0,0,0,0.06726499667615296,0.005431225767450644,0.121811734930581,0.1268815954518119
622,0,0,0,0,0,0.0,2.466961231038092e-07,0.0,0.0005288129626513273
623,1,1,1,1,1,0.9616910670681249,0.999993942298785,0.963678640171195,0.9950811621371972
624,0,0,0,0,0,0.0,1.504128223497227e-06,0.0,1.248979219275878e-05
625,0,0,0,0,0,0.006213248126784626,1.0000000994736041e-07,0.023449650969236763,0.0006141545449071296
626,0,0,0,0,0,0.0,0.0005195713281088417,0.003198066217404044,0.00011195649004362579
627,0,0,0,0,0,0.018208066684509056,2.971331268687032e-05,0.04481495233453813,0.020455673249435643
628,0,0,0,0,0,0.005,4.651923527708364e-06,0.0,8.665980066694289e-05
629,0,0,0,0,0,0.05220014383956904,0.0020360681386889317,0.13247268142867172,0.014263971078986661
630,0,0,0,0,0,0.045574646356706425,0.0017580160733439885,0.10510621406769298,0.059314943632066186
631,0,0,0,0,1,0.04873890225860263,0.0038820271924913086,0.04412937430490062,0.976858843651539
632,0,0,0,0,0,0.0,9.461353621438378e-05,0.0,7.903551696001737e-08
633,0,0,0,0,0,0.0,8.843797871518152e-07,0.008780180469128002,4.60146186032474e-05
634,0,0,0,0,0,0.003198066217404044,1.0000000994736041e-07,0.0,1.6701050767294795e-05
635,0,0,0,0,0,0.0646103460360791,0.0007668780196034544,0.012628229849595066,0.0010945337988574949
636,0,0,0,0,0,0.0,0.0015216453028536606,0.0,0.00033028209513880557
637,0,0,0,0,0,0.012630847855038986,0.0007043914259945047,0.04815903937872998,0.08777857703232668
638,0,0,0,0,0,0.0,0.00012002782043518054,0.0,7.486505996946811e-05
639,0,0,0,0,0,0.0,0.0003916985504418296,0.0,1.0987215934678792e-05
640,0,0,0,0,0,0.03081793502948903,0.0007854676903694135,0.12680071310791735,0.04465082771947273
641,1,1,1,1,1,1.0,0.9999999999947177,0.9591723721080326,0.9995190012163201
642,0,0,0,0,0,0.0,1.3224928785807866e-06,0.006832764852102678,0.004359322241724205
643,0,0,0,0,0,0.003198066217404043,1.0000000994736041e-07,0.013198066217404042,2.336917081292969e-06
644,0,0,0,0,0,0.017155638172590918,2.229271822280428e-07,0.02039706658626209,0.0008382622614938884
645,0,0,0,0,0,0.0,3.208747728066939e-06,0.0074074761672690646,0.000511243001936153
646,0,0,0,0,0,0.0,4.6278293908674024e-07,0.0,0.0002182489545765299
647,1,1,1,1,1,0.999209409949865,0.9921598647990013,1.0,0.9998577503690476
648,0,0,0,0,0,0.0,0.0007682094901675485,0.0,0.0013200131797347623
